# Eigen Vector, 																						 Eigen Value
     -2.957859382530128034e-01      -6.536515886698229805e-01      -3.114101629190282328e-01       1.423210091345152080e+02
     -8.009280603125796816e-01       6.263331150707432959e-01      -3.616135769048198223e-01       2.580754152309176774e+01
     -5.206005387393618511e-01      -4.247898652218479731e-01       8.787828693305568262e-01      -2.612855065760696860e+01
